ID,First name,Last name,Company,Salary,Language
67-9921732,Giorgi,Kirvell,Zuko Ltd,$1018.20,Italian
04-8410537,Page,Leere,Workus Co,$1716.63,English
73-6146335,Corrie,Beste,Workus Co,$4738.98,English
59-8017461,Derril,Raitie,Workus Co,$1873.63,Italian
19-3865975,Walsh,Linster,Craft Ltd,$1618.47,English
55-0884283,Brion,Mosconi,NodaTLT Co,$1066.75,Russian
11-4873482,Jude,Beneix,Workus Co,$2677.57,Russian
64-1959092,Karlis,Talks,NodaTLT Co,$1843.45,French
37-9347477,Jay,Kerton,NodaTLT Co,$1950.97,Russian
65-4588299,Prince,Sexton,Zuko Ltd,$2268.92,Italian
89-7195753,Delmer,D'Agostini,NodaTLT Co,$2230.91,Russian
07-3467105,Raffarty,Hodge,Zuko Ltd,$2939.58,English
34-9024489,Syd,LLelweln,Zuko Ltd,$1074.51,English
75-7595742,Orv,Martt,Zuko Ltd,$1346.83,Russian
88-3861710,Colby,Nash,Zuko Ltd,$4361.76,French
87-0025080,Tyrone,Bradd,NodaTLT Co,$2835.00,English
90-7599554,Elden,Trapp,NodaTLT Co,$3255.45,Russian
36-7878997,Knox,Dorrian,NodaTLT Co,$2941.27,Russian
20-6895686,Padraig,Bolver,Zuko Ltd,$2461.28,Russian
60-8207559,Adolph,Bartosik,Zuko Ltd,$2023.20,Italian
66-1422832,Barclay,Colebeck,Craft Ltd,$1873.85,Italian
91-3752250,Giordano,Ginnell,NodaTLT Co,$2905.60,English
79-8613862,Derby,Kirckman,Craft Ltd,$4137.93,Italian
38-8814731,Kimball,Pottinger,Workus Co,$3548.87,English
98-3888231,Christoph,Sparshutt,Zuko Ltd,$3556.23,French
29-8422166,Waylen,Chave,NodaTLT Co,$4756.29,English
54-0358042,Paton,O'Murtagh,NodaTLT Co,$4555.80,English
35-1192163,Dionisio,Legge,Zuko Ltd,$3182.74,French
95-7946148,Mata,Frangleton,Workus Co,$2691.81,French
63-7617997,Isaac,Pitkeathley,Workus Co,$3382.30,French
58-2455984,Benyamin,Tilt,NodaTLT Co,$3762.86,Russian
19-9275972,Beauregard,Tregensoe,Zuko Ltd,$4436.99,Russian
52-6025728,Mario,Habbon,Zuko Ltd,$4640.30,French
98-2217148,Ezechiel,Yea,NodaTLT Co,$1731.92,Italian
24-2362412,Artemus,Elbourn,Craft Ltd,$2996.69,Russian
56-0961506,Sebastien,Matiasek,Zuko Ltd,$1864.81,Italian
72-6091360,Trumann,Domenge,Craft Ltd,$3856.30,Russian
46-1590369,Tan,Cunio,Workus Co,$4717.59,English
82-9482175,Sayre,Ruane,Workus Co,$2380.62,Italian
44-5071142,Torrance,Swiggs,Craft Ltd,$3743.97,Russian
92-0994538,Hy,Gulc,Zuko Ltd,$4158.08,Italian
84-8002594,Olin,Aldin,NodaTLT Co,$3817.08,French
56-4788963,Patricio,Bruhke,Craft Ltd,$2342.66,Italian
94-9602049,Zacherie,Collingham,Craft Ltd,$4830.86,French
20-4936376,Miltie,Samsonsen,NodaTLT Co,$1151.66,Russian
39-8401697,Quinton,Bautiste,NodaTLT Co,$4642.31,French
70-6807271,Ogdon,Drissell,Zuko Ltd,$3242.41,French
50-7018884,Dennet,Klement,Zuko Ltd,$2565.55,Russian
85-0331424,Horten,Karim,NodaTLT Co,$4678.24,Italian
07-8493948,Arvy,Sanford,Craft Ltd,$1485.28,French
69-5311703,Roderic,Husbands,NodaTLT Co,$2650.00,Italian
85-2382738,Artemus,Pellman,NodaTLT Co,$2379.91,French
00-5836944,Torrey,Pringle,Craft Ltd,$2558.66,English
23-5984268,Tadio,Dyett,NodaTLT Co,$1514.74,Italian
35-3569253,Pryce,Tern,Craft Ltd,$3574.43,English
66-5426623,Kirby,Moorton,Zuko Ltd,$3585.07,French
03-7896981,Hernando,Meharry,NodaTLT Co,$4998.39,Italian
93-2624897,Richmond,Lovie,NodaTLT Co,$2723.03,English
12-2449310,Bronny,Gyenes,Zuko Ltd,$2284.63,Italian
81-9551978,Worden,Stroyan,Workus Co,$1793.39,Italian
17-9449017,Alfonse,Gallamore,Zuko Ltd,$2931.20,Russian
81-2299035,Bondie,Axup,Zuko Ltd,$4766.12,English
19-6367660,Fredric,Shipp,Craft Ltd,$3149.98,Italian
73-8120665,Addie,Gready,Zuko Ltd,$3141.06,English
15-2816658,Scottie,Wilks,Craft Ltd,$3481.78,English
45-3671017,Bay,Woolaghan,NodaTLT Co,$3492.63,French
45-9578610,Cobbie,Billson,Craft Ltd,$1333.10,Italian
59-0573101,Myrvyn,Poacher,Workus Co,$4940.00,French
43-8972247,Vassily,Jauncey,Craft Ltd,$1123.65,English
14-0190408,Iggie,Viggers,NodaTLT Co,$4579.06,Russian
18-4539454,Bud,Melbourn,Craft Ltd,$2273.14,French
32-8694927,Alaric,Liles,Zuko Ltd,$4732.19,Italian
37-0305105,Brew,Mosby,Workus Co,$2980.29,Italian
89-3145445,Arnoldo,Cribbott,Craft Ltd,$4271.40,French
17-4917020,Averill,Golston,Zuko Ltd,$2800.51,French
45-7416650,Miguel,McTerry,Craft Ltd,$1659.81,English
08-0649874,Zacharia,Bergstram,Zuko Ltd,$4003.21,English
66-3120545,Johny,Guitte,Workus Co,$2625.95,French
97-1768327,Mathew,Farherty,Craft Ltd,$4648.25,English
64-5503763,Britt,Rogliero,NodaTLT Co,$2741.52,Italian
10-8067042,Anselm,Harsum,Workus Co,$3572.66,Italian
94-1392327,Merwin,Willard,NodaTLT Co,$3758.28,Russian
69-2178058,Tyler,Louw,Craft Ltd,$1437.80,English
04-8033829,Mohammed,Oxenham,Zuko Ltd,$2338.19,Russian
91-9614677,Raymond,Slocumb,Workus Co,$4479.75,Russian
02-4416786,Micheil,Luno,Craft Ltd,$4842.83,English
86-1802321,Denys,Ghost,Zuko Ltd,$3960.83,French
69-2437762,Bradford,Stendell,NodaTLT Co,$3527.28,Russian
87-9210174,Quent,Lambswood,NodaTLT Co,$3482.32,Italian
70-1433950,Peirce,Ragles,Zuko Ltd,$4656.45,Italian
80-1582901,Moshe,Wyre,Craft Ltd,$3782.40,Russian
39-0449570,Rockwell,Jossel,Zuko Ltd,$3751.63,Italian
01-6487256,Erie,Arman,Workus Co,$4685.37,English
08-1701332,Tann,Rigby,Workus Co,$3743.15,Italian
56-8645249,Sylvester,Heady,Zuko Ltd,$1987.64,Russian
43-4092921,Lanny,Shaylor,Craft Ltd,$1873.93,French
56-6088405,Clerkclaude,Currin,Workus Co,$3927.91,Italian
46-2927755,Mackenzie,Goor,Craft Ltd,$4084.76,Italian
72-0504688,Barde,Earp,Zuko Ltd,$1038.96,French
39-3718823,Marietta,Chauvey,Craft Ltd,$4461.16,Italian
40-5184301,Orren,Prenty,Workus Co,$3972.90,French
30-6216946,Clyve,MacDiarmond,Craft Ltd,$3139.74,Russian
05-6615050,Kingsley,Casetta,NodaTLT Co,$4278.50,English
52-1123428,Hewe,Stanmore,Zuko Ltd,$4086.01,Italian
93-1042035,Teddy,MacCumiskey,Zuko Ltd,$4455.26,Russian
22-1545425,Raddie,Baldick,NodaTLT Co,$1309.92,French
77-7619294,Eduino,Hawket,NodaTLT Co,$4705.72,Russian
12-2632884,Jonathan,Minster,NodaTLT Co,$1436.91,Russian
14-6098264,Ricard,Healeas,NodaTLT Co,$2378.79,French
98-9938205,Gregorius,Liddyard,Workus Co,$1536.64,English
64-4941164,Fairleigh,Kobieriecki,Craft Ltd,$4160.95,Italian
72-6331349,Zak,Osmant,Zuko Ltd,$2379.20,English
18-8091576,Stanwood,Wynn,NodaTLT Co,$4792.97,French
14-8967580,Orlando,Gideon,NodaTLT Co,$2884.31,English
98-2281692,Eadmund,Gammel,NodaTLT Co,$2516.53,English
46-2838373,Yehudit,Dummigan,Workus Co,$2049.46,Italian
72-6401190,Miller,Cossam,Zuko Ltd,$3391.28,Russian
44-2477488,Friedrich,Champkins,Craft Ltd,$3233.77,Russian
84-8149979,Michael,Belvard,Zuko Ltd,$1686.49,English
54-4064435,Lezley,Grinaugh,Craft Ltd,$4959.73,French
24-5633100,Paxon,Serrurier,NodaTLT Co,$4411.43,French
83-8877822,Jone,Acom,Workus Co,$3631.54,Russian
14-5155734,Lloyd,Maryan,Workus Co,$4278.50,French
65-3682399,Grenville,Stein,NodaTLT Co,$1457.97,English
09-7843288,Rock,Al Hirsi,Craft Ltd,$4462.99,English
97-5066431,Darnall,Givens,Craft Ltd,$3595.73,Russian
15-0481205,Even,Sherratt,Workus Co,$2951.29,Russian
63-4923774,Conroy,Shilston,Workus Co,$3966.89,English
26-4472924,Quinn,Mowat,Workus Co,$3721.21,English
25-3286475,Lonnie,Kopacek,Zuko Ltd,$1022.37,Russian
94-8084471,Arel,Jikovsky,Workus Co,$1866.92,English
53-6289237,Yance,Bolf,Workus Co,$3706.03,Italian
53-1830378,Frannie,Bruford,Craft Ltd,$4701.35,Italian
37-9526397,Rory,Streater,Zuko Ltd,$4606.13,French
02-7231702,Lev,Gardiner,NodaTLT Co,$1861.26,Italian
05-7574630,Barnabe,Dalgleish,Craft Ltd,$4208.44,Italian
79-3638599,Chev,Pursehouse,Craft Ltd,$2144.71,Russian
55-1078640,Daryl,Eyam,Craft Ltd,$4786.13,English
47-0783311,Danya,MacCorkell,Zuko Ltd,$3636.04,Russian
31-2067960,Reinaldo,Doerrling,Zuko Ltd,$3902.22,French
32-8632779,Burk,Croizier,Zuko Ltd,$1220.76,French
67-4642327,Bryan,Revitt,Zuko Ltd,$2192.08,French
54-4579511,Karel,Bauman,Workus Co,$1599.38,Russian
94-9187603,Dare,Gidley,Workus Co,$3414.77,Russian
61-7810698,Adlai,Kollach,Workus Co,$2152.52,Russian
39-9722770,Gottfried,Knoton,Craft Ltd,$4111.23,Italian
98-5777660,Reginald,Binyon,Workus Co,$1528.74,Italian
73-6749496,Mikael,Mott,Craft Ltd,$4290.92,Russian
45-6871973,Brew,Quincey,Zuko Ltd,$4481.12,French
09-4895098,Reggy,Kilty,Zuko Ltd,$1410.44,English
82-8947091,Lowrance,Deek,Workus Co,$2876.56,Russian
60-6477331,Pete,Roscher,Zuko Ltd,$2143.94,Russian
82-8278719,Riccardo,Josselson,Zuko Ltd,$4839.68,French
65-3587089,Kurt,Grigoletti,Workus Co,$2192.10,French
41-9896335,Taite,Alesi,Workus Co,$1124.07,Russian
99-9967190,Yank,Crusham,Workus Co,$1655.02,French
25-5875132,Manuel,Mullany,Workus Co,$4190.41,Italian
00-0243470,Hastings,Matusovsky,Zuko Ltd,$2057.50,Russian
40-6106484,Gerhardt,MacGarrity,Zuko Ltd,$1494.81,English
65-5939273,Orin,Drissell,NodaTLT Co,$4930.23,English
38-6944219,Ronny,Ivanishchev,Workus Co,$2536.85,Italian
27-9015654,Wallace,Harradence,Craft Ltd,$3414.54,English
21-4990712,Arch,MacGinley,Workus Co,$3115.84,French
99-3015876,Desi,Corbishley,Zuko Ltd,$4075.00,Russian
31-4349229,Prinz,Poley,Workus Co,$1106.47,Italian
52-4788471,Giavani,Ghioni,NodaTLT Co,$3862.79,Italian
56-5816391,Roland,Martin,NodaTLT Co,$3416.18,English
38-5682645,Marshall,Duck,Workus Co,$3693.10,Russian
32-9282815,Porty,Tortice,Workus Co,$1238.35,French
46-9474086,Tobit,Honig,Zuko Ltd,$1055.63,French
37-0488795,Maynard,Albon,Workus Co,$1472.80,Italian
34-7363426,Farlee,Deegin,Craft Ltd,$1878.50,Russian
97-9583203,Morten,Rubenczyk,Workus Co,$4059.81,Italian
50-8857166,Mac,Thorbon,Craft Ltd,$2097.34,Italian
08-0612300,Gunar,Ackrill,Zuko Ltd,$1820.18,Russian
77-0787995,Ebenezer,Wetheril,Zuko Ltd,$2796.74,Russian
50-9459620,Horacio,Neads,Craft Ltd,$4266.56,Russian
14-3400672,Quint,Beeden,Zuko Ltd,$2946.82,Russian
80-1186828,Garwin,Hubbins,Craft Ltd,$2624.09,Russian
00-8017986,Ichabod,Morratt,NodaTLT Co,$1291.21,Russian
64-4411320,Bernarr,Ivanshintsev,Zuko Ltd,$4265.43,English
21-3999541,Maurits,Chiechio,NodaTLT Co,$4744.44,English
03-7168884,Emmett,Lydall,NodaTLT Co,$3308.77,Russian
64-7582821,Skylar,Axcel,Craft Ltd,$1680.47,French
13-1445139,Salomo,Kinahan,Zuko Ltd,$1317.97,Italian
65-8367838,Matias,Skirlin,Zuko Ltd,$2788.84,English
21-6937400,Leo,Darbey,NodaTLT Co,$2102.32,English
86-8041195,Ransell,Long,Workus Co,$2316.85,Italian
31-3671420,Bronnie,Bockett,Zuko Ltd,$3217.85,French
71-3722213,Matthias,Farney,NodaTLT Co,$3790.04,Italian
94-1792792,Odo,Goldspink,Zuko Ltd,$4734.95,French
79-4183891,Dilan,Eate,Craft Ltd,$1488.11,Italian
99-0710662,Tobin,McElwee,NodaTLT Co,$3939.42,French
70-9628042,Huntlee,Fine,NodaTLT Co,$3496.96,French
66-4812890,Reginauld,Kolczynski,Craft Ltd,$4613.00,Russian
82-5803531,Germayne,Longland,NodaTLT Co,$1468.52,English
30-1869911,Harlin,Mairs,Workus Co,$3117.50,French
93-9614870,Emerson,Duckhouse,NodaTLT Co,$3635.78,Russian
50-9016400,Adamo,Gives,Workus Co,$3024.13,Russian
19-7466832,Arlan,Gillooly,Zuko Ltd,$2857.76,English
85-0123272,Enrique,Coady,Zuko Ltd,$4829.42,Italian
44-7499462,Rudie,Freathy,NodaTLT Co,$2184.89,English
35-3767445,Eldredge,Tooher,Craft Ltd,$1159.71,French
47-9767671,Brod,Longstaff,NodaTLT Co,$4582.66,Italian
37-4624306,Fraze,Rosenbusch,Craft Ltd,$3403.52,French
55-0963910,Dur,Kirton,Workus Co,$3832.75,English
92-5803132,Codie,Heiton,Craft Ltd,$1135.30,Italian
60-3017589,Winnie,Blyde,Zuko Ltd,$1981.88,French
95-1729815,Stan,Bakhrushkin,Workus Co,$3969.13,Russian
00-1597690,Jamill,Grimmer,Craft Ltd,$3544.24,Russian
56-1783345,Frannie,Stoaks,Craft Ltd,$2917.50,Russian
59-1882418,Tobin,Braznell,NodaTLT Co,$2377.92,French
07-5216943,Hillery,Felipe,Workus Co,$1865.95,French
36-6468261,Henry,Isgate,Craft Ltd,$3691.15,English
89-6293347,Emmanuel,Drury,Workus Co,$1749.93,French
68-8518366,Stillman,Lacrouts,Zuko Ltd,$2575.19,English
51-1979749,Ambros,Glazzard,Zuko Ltd,$3743.45,Russian
48-1516606,Claudius,Dincey,Zuko Ltd,$4608.50,English
42-2193789,Guilbert,Halversen,Zuko Ltd,$3654.35,Russian
93-4486879,Binky,Strathern,NodaTLT Co,$2195.18,English
36-4645196,Darrel,Abramovic,NodaTLT Co,$3300.16,Italian
65-2226851,Ringo,Ravenscroftt,Craft Ltd,$4413.66,Italian
22-6960603,Johann,Loraine,Zuko Ltd,$2151.02,English
12-7625529,Max,Beartup,NodaTLT Co,$4003.57,Russian
35-3017355,Matthiew,O' Meara,Zuko Ltd,$4938.36,Italian
74-7007544,Davide,Jellicorse,Zuko Ltd,$3473.93,Italian
63-0263518,Augustin,Luttger,Craft Ltd,$3626.50,Italian
30-4267868,Frederik,Danks,NodaTLT Co,$2160.56,Italian
29-4381269,Laurie,Catonnet,Workus Co,$2111.55,English
06-6385602,Gherardo,Ralph,NodaTLT Co,$4285.67,French
43-9903155,Skell,Gauch,Zuko Ltd,$4135.40,French
29-4342574,Rupert,Josefsson,Workus Co,$1459.10,French
26-7114497,Tait,Eastway,NodaTLT Co,$1254.64,Italian
20-5562384,Pablo,Quadri,Craft Ltd,$2893.71,French
82-8938990,Wainwright,Karus,NodaTLT Co,$2761.20,French
54-1046537,Hansiain,McClunaghan,Workus Co,$1685.36,French
65-2758894,Ellis,Devons,NodaTLT Co,$4172.14,English
25-8618873,Weber,Hazeltine,Craft Ltd,$4495.11,English
24-3462249,Palmer,Dregan,Workus Co,$1893.42,Russian
51-9083958,Harvey,Hallewell,Craft Ltd,$1104.73,Russian
04-4463115,Hillel,Bye,Workus Co,$2535.18,Russian
71-5659163,Emlen,Pilipyak,NodaTLT Co,$1684.11,Italian
31-1410839,Bing,Mauser,Workus Co,$4634.11,Russian
50-0054301,Donn,Lakenden,Workus Co,$4198.47,Italian
16-4158739,Dell,Gibling,NodaTLT Co,$2792.04,Russian
22-6021941,Kent,Urvoy,NodaTLT Co,$4945.97,Italian
44-6403821,Law,Hopfner,Workus Co,$4055.56,English
57-6321934,Giacopo,Clewlowe,Zuko Ltd,$2998.92,French
11-2954425,Barris,Horsefield,Zuko Ltd,$2143.35,Italian
12-8504170,Seymour,Towersey,Craft Ltd,$1925.88,Russian
11-4643379,Garrot,Bruna,Craft Ltd,$3150.52,French
80-1600476,Alonso,Glasper,Zuko Ltd,$2831.71,Italian
33-1455342,Aldwin,Hymans,NodaTLT Co,$1859.57,Russian
12-0961226,Arvy,Cazalet,Workus Co,$2901.72,English
65-6566716,Ferris,Vanelli,Zuko Ltd,$3171.49,Italian
23-4823106,Jacques,Merriday,NodaTLT Co,$3861.55,English
44-0196534,Vaughan,Caldero,Zuko Ltd,$1167.00,French
90-8245226,Ario,Waye,Craft Ltd,$2653.99,Italian
64-2431644,Cort,Toothill,Zuko Ltd,$3199.30,French
72-8482953,Kain,Castillou,NodaTLT Co,$1792.65,Russian
46-2483703,Etienne,Guerry,Workus Co,$1994.10,English
55-6928810,Dael,Dudding,Workus Co,$4715.85,Italian
88-5811755,Antonius,Stayt,Workus Co,$2185.12,French
71-4810057,Lennard,Manssuer,Craft Ltd,$4148.44,English
86-0959552,Killian,Keysall,Workus Co,$1434.97,Italian
31-4584452,Hector,Haylor,Workus Co,$1500.95,English
06-7083914,Gradey,Espinos,NodaTLT Co,$1039.29,Russian
93-0492436,Huntley,Gribble,Workus Co,$1091.99,French
93-0228320,Kalvin,Speeks,Craft Ltd,$2844.91,English
20-4874691,Walt,Ondrusek,Craft Ltd,$1855.83,French
54-4001458,Isaiah,Streets,NodaTLT Co,$3811.20,Italian
43-7672123,Graham,Barthelmes,Craft Ltd,$4943.47,English
05-4804422,Willi,Lodder,Workus Co,$4586.71,French
77-8795091,Lauritz,Haining,Craft Ltd,$4935.92,Russian
81-3129862,Sig,Hellin,Zuko Ltd,$4817.20,French
97-9336151,Goddart,Margett,Zuko Ltd,$4374.34,English
51-7023387,Keelby,Gerbel,Zuko Ltd,$3288.69,Italian
41-7757180,Mycah,Gwillim,Workus Co,$2830.29,Italian
53-3862691,Evan,Dunton,Craft Ltd,$3150.27,English
37-0125773,Aguistin,Girling,Zuko Ltd,$1513.45,Russian
33-4800205,Donall,Sabatini,Zuko Ltd,$1192.60,French
00-4316082,Brigg,Cockney,Workus Co,$3897.98,French
23-0368237,Gray,Toohey,NodaTLT Co,$3939.79,Russian
24-2481638,Rogerio,Blazdell,Workus Co,$3713.18,English
71-6516015,Lewie,Houtby,NodaTLT Co,$2645.05,Italian
09-9025096,Corey,Dawkes,NodaTLT Co,$3187.03,Italian
69-1620796,Parker,Klaas,NodaTLT Co,$3035.79,French
15-5908942,Harlin,Malthouse,Workus Co,$4169.24,English
80-7237785,Lauren,Kibard,NodaTLT Co,$2039.67,English
84-1294182,Stu,Hatherell,Craft Ltd,$4044.88,Italian
60-0192448,Lorne,Lisle,Workus Co,$4361.45,French
46-7697014,Udall,Faunch,NodaTLT Co,$1471.59,French
12-6403722,Marcos,Ackery,NodaTLT Co,$1115.34,Italian
52-3253380,Darill,Gierok,NodaTLT Co,$3148.85,French
17-7316764,Solly,Mosen,NodaTLT Co,$1448.48,Italian
29-5875894,Forest,Domenget,Craft Ltd,$1943.26,English
40-6284445,Rodolphe,Chittleburgh,NodaTLT Co,$1068.14,French
09-6054826,Corrie,McIlherran,Craft Ltd,$2543.62,English
60-2657560,Wesley,Ettritch,Workus Co,$1766.01,French
19-4952257,Sammie,O'Halligan,NodaTLT Co,$2789.43,Russian
18-1202744,Bogey,Lipscombe,Craft Ltd,$1911.97,Italian
82-6257477,Elvin,Barnham,Workus Co,$3213.64,French
88-7240568,Howie,Gipp,Craft Ltd,$4555.08,English
44-7553433,Rudyard,Dodwell,NodaTLT Co,$3942.13,Italian
74-7089704,Cosmo,Heather,NodaTLT Co,$2873.25,English
18-3586601,Garey,Rolinson,Craft Ltd,$3913.70,Russian
65-8365718,Hillier,Cardenoso,Zuko Ltd,$2681.12,English
78-0184819,Sanford,Commuzzo,NodaTLT Co,$3129.71,Russian
86-1227411,Humfrey,O'Geaney,Zuko Ltd,$4500.13,English
15-5014268,Blake,Nelthrop,Workus Co,$2880.43,English
27-5182846,Burt,Gaukrodge,NodaTLT Co,$4642.95,Russian
91-6872826,Burl,Van Oort,Workus Co,$2937.62,Russian
30-4101657,Talbot,Lamar,Zuko Ltd,$1397.78,Italian
94-6214569,Torrence,Stare,Craft Ltd,$3995.13,Italian
37-9582980,Aland,Boylund,Workus Co,$1379.07,French
09-2546054,Willem,Marvell,Craft Ltd,$4584.57,French
21-7287804,Brandtr,Phlippsen,NodaTLT Co,$1815.74,Italian
67-6220714,Xymenes,Idel,Zuko Ltd,$4164.12,Russian
26-9261459,Frasco,Falconbridge,Craft Ltd,$4074.65,French
86-3668027,Todd,Wagen,Workus Co,$1742.77,English
43-2924674,Redd,Pindell,Zuko Ltd,$2879.69,English
86-2776496,Kip,Fernanando,Workus Co,$2704.63,English
39-0769619,Paulie,Lecordier,NodaTLT Co,$2773.62,English
53-4825944,Bear,Ciotti,Workus Co,$3706.68,Italian
30-0741027,Garold,Reely,Craft Ltd,$2939.04,Russian
74-3050631,Burtie,Vest,Workus Co,$3638.55,Russian
89-1674716,Ode,Seage,Craft Ltd,$4958.48,Russian
90-7086119,Hunt,Hugonneau,NodaTLT Co,$4495.73,English
82-6290614,Casper,Storrie,Workus Co,$4428.43,Russian
95-4462244,Carolus,Cadden,NodaTLT Co,$2838.90,Italian
41-8594156,Lancelot,Upton,Craft Ltd,$2012.86,Italian
52-2416310,Kimble,Ianelli,Craft Ltd,$3604.76,Italian
79-4638866,Cesar,Durran,Workus Co,$1297.55,Russian
70-6242231,Eal,Yushkov,Workus Co,$2580.77,English
29-3452052,Oates,Burdoun,Workus Co,$4876.60,English
08-1548397,Brewster,Dymidowski,Craft Ltd,$4190.32,Italian
34-5212600,Brennan,Pakes,Craft Ltd,$4966.83,Russian
29-8555821,Patric,Bril,NodaTLT Co,$1800.97,English
60-0386757,Cullan,Kennagh,Craft Ltd,$2274.40,Russian
25-6251746,Aubrey,Watkiss,Zuko Ltd,$1038.51,Russian
26-8240735,Gustavus,Gounard,Zuko Ltd,$3386.53,French
17-5555537,Baxie,Greggor,NodaTLT Co,$3985.11,Italian
77-3052175,Jeramie,McTavy,Workus Co,$1755.05,French
39-9491499,Ruttger,Fieldsend,Zuko Ltd,$4406.36,French
84-4027778,Zolly,Goghin,Zuko Ltd,$1111.20,Italian
79-5633859,Howey,Jeune,Craft Ltd,$4633.36,English
46-5196200,Vincenz,Grosier,Workus Co,$1383.61,Italian
58-5879176,Cori,Roscamps,Craft Ltd,$4766.30,French
76-3790552,Griz,Suermeiers,Workus Co,$1982.84,French
81-7074061,Neville,Minto,Craft Ltd,$4913.11,English
99-1599715,Ralf,Dutch,Zuko Ltd,$4649.70,English
97-5771189,Augustus,Woolpert,Zuko Ltd,$3648.28,French
23-5290688,Averill,Seccombe,Zuko Ltd,$2295.32,Italian
49-4510885,Ulrich,Whodcoat,Workus Co,$3483.60,English
60-8566885,Any,Harriday,NodaTLT Co,$2354.18,French
06-3797684,Gib,Matschek,Zuko Ltd,$3452.95,English
13-9033165,Welbie,Schubbert,NodaTLT Co,$3772.49,French
30-0676816,Kirk,Barbera,NodaTLT Co,$3589.28,English
34-2791223,Davie,Cumberpatch,Workus Co,$4234.69,Russian
19-2163119,Benedetto,Kirkhouse,Zuko Ltd,$3408.96,English
18-7295502,Jodi,Gulley,Zuko Ltd,$3790.96,Italian
83-4744507,Jard,Beeden,Craft Ltd,$1437.42,Russian
55-8848080,Fremont,Takkos,Workus Co,$1587.72,French
27-6425205,Fran,Tavener,Workus Co,$3752.91,Italian
46-4052743,Ashby,Rubinowitch,Workus Co,$3151.04,Russian
17-7304308,Dougie,Gurdon,Workus Co,$1082.51,Russian
12-2354995,Kalvin,Oats,NodaTLT Co,$1977.49,English
15-7408505,Broddie,Girone,NodaTLT Co,$3699.73,English
44-7719646,Amery,Nani,Workus Co,$4039.38,Italian
09-2964841,Kendrick,Mulvagh,NodaTLT Co,$1616.98,French
19-0141014,Chip,Hebdon,Zuko Ltd,$2327.53,Italian
20-7806859,Jamaal,Cockett,Craft Ltd,$3779.64,Russian
12-7802787,Sasha,Van Driel,Workus Co,$2086.91,French
69-0023998,Augustus,Ledwith,Zuko Ltd,$4869.23,French
67-8960935,Hakim,McClinton,Workus Co,$1139.82,Italian
82-4245982,Saleem,Andrys,NodaTLT Co,$1045.90,French
56-3483655,Timoteo,Alywen,Workus Co,$1900.64,French
11-6908024,Eugene,Haywood,NodaTLT Co,$3273.97,French
81-3116112,Kareem,Mattson,NodaTLT Co,$3264.74,Russian
21-8077537,Freedman,Weakley,NodaTLT Co,$2776.19,English
43-6100725,Syd,Drieu,Workus Co,$3415.58,Italian
17-4966304,Gan,De Mico,NodaTLT Co,$3530.40,Russian
32-2066494,Zed,Gilson,Workus Co,$4412.17,English
14-3614674,Aldric,Basilone,NodaTLT Co,$1262.70,Russian
68-0868608,Corrie,Spurritt,Zuko Ltd,$4594.98,French
88-0947815,Bo,Wegenen,Zuko Ltd,$2869.99,English
03-7018948,Bobbie,Scotchmoor,Zuko Ltd,$1331.93,Russian
43-6722851,Sayre,Abdee,NodaTLT Co,$3943.71,English
87-8023683,Barny,Nacey,Zuko Ltd,$4055.55,Italian
37-4548668,Vassily,Cave,Craft Ltd,$1040.61,English
95-0291987,Donall,Cready,Workus Co,$3142.65,Italian
49-1491362,Clementius,Grevile,Craft Ltd,$3573.02,English
80-7335389,Austin,Dumelow,Craft Ltd,$1406.58,Italian
52-8305373,Winn,Gwynn,Zuko Ltd,$2939.11,Russian
98-6459001,Davy,Whicher,NodaTLT Co,$4529.51,Italian
28-5335822,Gustaf,Amoss,NodaTLT Co,$2072.75,Russian
56-9031840,Giffer,Weatherley,Craft Ltd,$4885.48,Italian
93-1941460,Christoper,Bourdice,Craft Ltd,$1017.24,Italian
21-6203573,Findlay,Vedenyapin,Craft Ltd,$2513.80,English
77-2070749,Christopher,Dolbey,Zuko Ltd,$1954.38,French
73-8890102,Rodrique,Corp,Zuko Ltd,$2596.62,French
83-2579665,Florian,Vickery,Zuko Ltd,$1244.49,Italian
32-4546265,Vernon,Pilpovic,Workus Co,$4870.36,Italian
77-4627180,Roman,Fochs,Zuko Ltd,$4167.33,Italian
51-2162825,Horace,Squibbes,Workus Co,$3794.49,English
49-6429099,Sterling,Coxen,Workus Co,$4709.88,English
78-8778886,Sherlock,Seago,Zuko Ltd,$1261.67,Italian
02-5312791,Yvor,Marunchak,NodaTLT Co,$3560.14,English
95-3197482,Roma,Kemet,Workus Co,$4879.14,Russian
92-3421096,Kent,Pendergrast,Zuko Ltd,$1804.00,French
75-4307951,Sigfried,Woolmington,Zuko Ltd,$1811.23,Italian
52-9504428,Kleon,Medlin,Workus Co,$4584.73,English
80-4276550,Paxon,Capnor,Workus Co,$4239.24,French
33-8549941,Sid,Gillions,Workus Co,$2674.93,English
60-2326675,Baily,Toplis,Zuko Ltd,$3428.26,Italian
05-7638425,Gardener,Birkmyre,Workus Co,$1457.98,Italian
37-0431979,Carter,Pulley,NodaTLT Co,$4267.52,Italian
68-8158523,Jameson,Silvermann,Craft Ltd,$4788.65,French
36-5161684,Ransell,Haynesford,Craft Ltd,$2746.38,Italian
65-2442771,Ludvig,Iacovucci,Zuko Ltd,$1201.43,Russian
00-7534346,Halsy,Frostdick,Zuko Ltd,$4401.97,Italian
28-7551212,Zedekiah,McGibbon,Zuko Ltd,$3363.42,Italian
70-7596270,Lutero,Magowan,Craft Ltd,$4580.31,English
99-9483338,Brendin,Selwyne,Craft Ltd,$1086.26,English
41-3817141,Franciskus,Trobey,Workus Co,$3996.20,French
08-8815714,Shea,Hinrichs,Workus Co,$3663.69,Russian
41-7755911,Georges,Petriello,NodaTLT Co,$1775.90,Italian
74-3429153,Federico,Dubs,NodaTLT Co,$1878.59,English
01-1603673,Hersh,Janoschek,Craft Ltd,$4077.02,Italian
20-9838175,Jamal,Strickler,Zuko Ltd,$1223.28,Russian
24-6887803,Ab,Dabes,NodaTLT Co,$2331.38,Italian
95-7308197,Bancroft,Gott,NodaTLT Co,$4021.20,English
23-3340101,Steward,Helkin,Craft Ltd,$2059.54,English
88-8252594,Gay,Yakuntzov,NodaTLT Co,$1527.70,Italian
30-7939546,Whitman,MacAindreis,NodaTLT Co,$3253.67,English
95-5067740,Gaspar,Langrish,Workus Co,$4960.23,French
56-3902039,Corny,O'Heagertie,Craft Ltd,$4918.85,French
77-8562668,Thurston,Marcombe,Craft Ltd,$4108.23,Italian
82-7887840,Janos,Graalmans,Zuko Ltd,$4231.47,French
64-4552684,Danya,Mortlock,Zuko Ltd,$1543.24,Italian
81-4896392,Rustin,Splevings,NodaTLT Co,$1449.52,Russian
87-3157860,Husein,Gentry,Workus Co,$1344.02,English
80-3583100,Dukie,Hourican,Workus Co,$1986.61,English
07-3526141,Rayner,Bernakiewicz,Workus Co,$4680.35,French
31-2270779,Hall,Carrane,Craft Ltd,$2628.70,Italian
84-3692534,Slade,Tudgay,Workus Co,$1028.59,French
02-2340349,Monty,Insley,Workus Co,$4307.36,Italian
87-7491995,Haven,Nolli,Workus Co,$4569.83,French
57-0304328,Linoel,Ramm,Zuko Ltd,$1549.89,Russian
71-2674388,Reg,Kerkham,Zuko Ltd,$2347.68,Italian
22-2432125,Marshall,Klessmann,Zuko Ltd,$1249.70,English
72-8473728,Virgil,Emes,NodaTLT Co,$3278.38,Russian
26-7915938,Jamey,Dillimore,NodaTLT Co,$3658.68,Italian
19-2940961,Hyman,Cahan,Workus Co,$2332.48,Italian
07-2094582,Joseph,Baudichon,Craft Ltd,$3331.54,English
48-6504245,Basilio,Rogerot,NodaTLT Co,$2039.21,Italian
70-9373902,Godart,Stainton,Craft Ltd,$4170.72,Russian
67-4479299,Devin,MacGiany,Workus Co,$2127.20,English
44-9187203,Dolf,Jakuszewski,Workus Co,$2464.00,English
43-0323749,Chandler,Riggert,NodaTLT Co,$1267.48,French
06-8253051,Gasparo,Cuerdale,Craft Ltd,$2152.08,Italian
43-3076755,Sidney,Calderon,NodaTLT Co,$2923.58,Italian
43-5273556,Claire,Sisnett,Craft Ltd,$1043.21,Italian
24-8042664,Talbot,Birtwisle,Workus Co,$2735.81,French
96-2129871,Enrico,Ellsbury,Workus Co,$2710.89,English
56-4312799,Heall,Gratland,Zuko Ltd,$1449.70,Russian
20-9383379,Ernest,Restorick,Workus Co,$2819.00,English
20-3311589,Tommy,Jacquest,Workus Co,$4329.13,French
01-7595621,Dilan,Wincom,Craft Ltd,$2005.11,French
35-4152969,Adam,Tomeo,Zuko Ltd,$3135.67,English
88-2210373,Nefen,Filippozzi,Zuko Ltd,$1160.02,English
23-5985872,Zollie,Lie,Workus Co,$2376.58,English
89-6665384,Guthrey,Ginley,Workus Co,$1538.68,Russian
38-9095490,Orton,Manis,Zuko Ltd,$3036.91,Italian
42-9778609,Wyatt,Symons,NodaTLT Co,$3206.15,English
66-3081423,Boycie,Rannie,NodaTLT Co,$1729.45,Italian
25-7692463,Stevie,Cabedo,Workus Co,$1707.26,French
42-2904809,Paquito,Winkless,Craft Ltd,$3839.02,Russian
03-1212244,Andrus,Otham,Craft Ltd,$1221.45,French
03-4075955,Donavon,Reilingen,Workus Co,$3126.88,Russian
54-5834973,Tully,Biesty,Craft Ltd,$2987.68,English
59-1490926,Mauricio,Kenan,Workus Co,$4817.93,Italian
47-9235747,Richmound,Roocroft,Craft Ltd,$2401.86,English
64-6496431,Euell,Girault,NodaTLT Co,$2306.08,English
30-0386578,Massimiliano,Goldson,Craft Ltd,$4320.28,French
16-2982964,Homer,Meneyer,NodaTLT Co,$2810.85,French
05-2655426,Austin,Olligan,Workus Co,$4608.71,Russian
04-0422879,Archibold,Hulls,Workus Co,$1263.47,English
88-2038740,Aldon,Gatcliff,Craft Ltd,$1390.43,French
69-9658708,Ev,Serman,NodaTLT Co,$3823.71,English
04-1425239,Matthias,Wildin,Zuko Ltd,$2898.86,English
40-4660507,Casar,Smallwood,Zuko Ltd,$2986.81,English
85-4806861,Odo,Bradnocke,Workus Co,$4683.52,English
40-9486543,Tiebout,Willshee,Craft Ltd,$3690.66,English
60-3975104,Fidole,Dwyer,Workus Co,$1911.83,French
69-1414598,Pall,Alker,NodaTLT Co,$4656.10,French
31-6662372,Smitty,McParland,NodaTLT Co,$1299.99,Italian
23-5659774,Reg,Niemetz,Zuko Ltd,$1927.34,Italian
87-1465445,Rey,Iacovo,Workus Co,$1564.52,Russian
79-7147132,Mar,Haggath,Craft Ltd,$3555.71,English
53-7861512,Rockie,Peagram,Craft Ltd,$3455.34,Italian
85-3265645,Wynn,Threadgill,Zuko Ltd,$3500.27,French
28-2360984,Kris,Killgus,Workus Co,$2670.09,Russian
94-2776747,Gail,Loding,Craft Ltd,$3098.59,Russian
17-9323794,Clemmy,Gumley,Craft Ltd,$2033.97,Russian
09-3927156,Reilly,Stilgo,NodaTLT Co,$1221.30,Italian
80-7302568,Say,Hessentaler,Workus Co,$2300.08,Italian
66-2662301,Tracey,McNally,Workus Co,$1526.67,Italian
56-5932354,Mozes,Mackilpatrick,Workus Co,$1435.61,French
96-4166464,Martyn,Joyner,Zuko Ltd,$4487.35,English
43-3356091,Umberto,Jorden,Workus Co,$2945.78,Russian
34-2505954,Harmon,Acosta,NodaTLT Co,$1384.86,Russian
78-9160221,Trevar,Golden of Ireland,NodaTLT Co,$2158.04,French
65-2065350,Armand,Mityashin,Zuko Ltd,$1677.69,Italian
60-7701536,Ashley,Ashenhurst,Zuko Ltd,$4650.90,English
00-0775429,Alic,Whelpton,Craft Ltd,$4293.30,English
24-3838997,Jarvis,Reford,NodaTLT Co,$1841.98,English
42-1948941,Richard,Moutray Read,NodaTLT Co,$2281.21,English
51-1798841,Rowan,Ibbs,Craft Ltd,$1810.02,French
08-8475227,Fairleigh,Meindl,Craft Ltd,$2335.99,French
68-5487020,Hakeem,Medcalf,Craft Ltd,$3234.27,Russian
36-7765828,Lane,Bucher,NodaTLT Co,$4711.40,French
54-2355510,Amory,Fronsek,Zuko Ltd,$1978.14,Russian
97-8595559,Finlay,Botfield,NodaTLT Co,$2752.47,Russian
80-7224105,Zak,Lissaman,NodaTLT Co,$3176.60,Italian
65-9255650,Coop,Christall,Zuko Ltd,$3687.47,Russian
00-3985778,Granthem,Rainsdon,Craft Ltd,$3631.53,French
67-7464306,Gordie,Blabey,Craft Ltd,$1578.91,English
68-7483466,Reynold,Agglione,Zuko Ltd,$2940.36,Italian
96-2163326,Alaster,Hirtzmann,NodaTLT Co,$4570.89,Italian
66-3149048,Marcellus,Tirkin,Zuko Ltd,$4038.78,Italian
20-8884591,Bobbie,Lewsey,Craft Ltd,$4797.51,English
28-1955219,Luigi,Ensley,NodaTLT Co,$3364.96,French
96-8597386,Malvin,Holyard,Workus Co,$2481.93,Italian
24-8852795,Si,Brothwood,Zuko Ltd,$1011.95,English
57-7287192,Marco,Biddulph,Workus Co,$1258.14,Italian
41-5338806,Desmond,Poulden,Zuko Ltd,$3992.03,Italian
61-7377516,Mort,McCarroll,Zuko Ltd,$1121.35,French
36-3852279,Mickie,Humbee,Workus Co,$2648.14,French
68-1060508,Gerardo,Preto,Craft Ltd,$1637.31,English
25-6688381,Dimitry,Griswood,Workus Co,$2237.93,Russian
23-1910953,Silas,Peirce,Zuko Ltd,$2146.13,Italian
11-5384633,Frank,Parsisson,NodaTLT Co,$4613.76,French
09-1520227,Graig,Stoffersen,NodaTLT Co,$3718.11,Italian
76-6916204,Manuel,Drane,NodaTLT Co,$2724.59,English
34-8431197,Jerri,Moutray Read,Workus Co,$4078.25,Italian
55-5796499,Britt,Yakov,Workus Co,$3914.78,Russian
60-0948981,Kaspar,Delatour,NodaTLT Co,$1633.78,Italian
46-6409750,Valle,Rodda,Craft Ltd,$1282.53,French
69-6163937,Kenton,Stidson,Workus Co,$3613.90,English
08-7754063,George,Heinsh,Workus Co,$2638.13,Russian
32-8974259,Gardie,Brazel,Workus Co,$4937.89,French
56-5177259,Gauthier,Cypler,NodaTLT Co,$1051.82,English
09-5287193,Michail,MacKall,NodaTLT Co,$3177.05,Russian
11-1132628,Putnam,Zanazzi,Craft Ltd,$3528.45,French
52-3085563,Frederico,Haughian,Zuko Ltd,$1236.63,Russian
36-3166207,Loy,Serotsky,Zuko Ltd,$3922.80,English
83-1289275,Fidel,Ingray,Workus Co,$4297.86,French
48-0416408,Ragnar,Capehorn,Workus Co,$4829.36,Italian
91-2010118,Wes,Stredder,Workus Co,$2603.63,French
11-6368038,Donalt,Scrimshire,Zuko Ltd,$2494.91,Russian
39-8694715,Doy,Albury,Zuko Ltd,$3471.32,French
34-3249744,Gasper,Bolens,Zuko Ltd,$1160.04,French
73-3052677,Trumann,McGlaud,Craft Ltd,$3595.60,Russian
25-5011686,Chrisy,Code,NodaTLT Co,$2270.29,Russian
86-6792602,Lynn,Grafhom,Craft Ltd,$1030.82,Italian
24-2002496,Judah,Moisey,NodaTLT Co,$3489.24,English
16-4403101,Irving,Keohane,Workus Co,$2941.52,Russian
55-3810243,Dennison,Garritley,Zuko Ltd,$2874.76,Italian
43-7274728,Taddeo,Mahmood,Craft Ltd,$3143.13,French
80-9889468,Welby,Harler,Craft Ltd,$1379.05,French
62-0928875,Dane,Jolland,Zuko Ltd,$4581.40,Russian
06-5876333,Henrik,Howford,NodaTLT Co,$2153.25,Russian
11-1249677,Berk,Langthorn,NodaTLT Co,$1057.38,Russian
03-4685729,Tomas,Jindracek,NodaTLT Co,$1801.41,Italian
34-2041888,Ransom,Mars,Workus Co,$4985.73,Russian
72-9933082,Hercules,Gonzalvo,NodaTLT Co,$3917.34,English
21-8361521,Had,Ramsby,Zuko Ltd,$2743.84,Russian
00-0521262,Reginald,Dering,Craft Ltd,$3583.10,French
57-4934402,Schuyler,Grinter,Zuko Ltd,$3377.15,French
42-4620998,Jaymie,Redbourn,Zuko Ltd,$3468.03,Italian
92-8840535,Darbee,Abrahm,Craft Ltd,$4313.88,Italian
68-5748930,Moe,Schanke,Zuko Ltd,$4279.41,Russian
73-6951765,Cello,Ramme,Zuko Ltd,$2595.49,English
50-7705410,Vincenty,Somes,NodaTLT Co,$4791.43,Italian
91-5022734,Saleem,Morfey,NodaTLT Co,$1205.47,French
04-4220558,Victor,Di Giacomo,Workus Co,$1534.78,French
26-7302682,Scot,Creaven,NodaTLT Co,$4817.86,French
91-9099070,Lorant,Mohamed,Craft Ltd,$2492.46,French
64-6385373,Frants,Ranklin,NodaTLT Co,$3440.95,English
29-6221630,Pace,Hebbron,Zuko Ltd,$4433.11,French
82-4184651,Dex,Page,Workus Co,$1873.64,Italian
74-3584957,Mead,O'Currane,Zuko Ltd,$3809.37,Russian
81-2602792,Tabor,MacHoste,Craft Ltd,$4711.52,English
03-9938755,Eldridge,Peter,NodaTLT Co,$2668.59,French
43-7570708,Karlis,Thorne,Zuko Ltd,$4726.73,English
96-0065798,Tadeo,Reeve,Workus Co,$4809.83,English
25-6491269,Bastien,Gratton,Workus Co,$3283.07,Russian
87-0788292,Bryant,Ridings,Zuko Ltd,$3535.65,Russian
80-3939875,Hamlin,Hazelden,Zuko Ltd,$2563.75,French
32-7782648,Laurie,Barok,Workus Co,$2763.98,Italian
27-3880850,Lowrance,Dargue,Zuko Ltd,$1707.10,Russian
71-5071074,Jude,Thorne,Zuko Ltd,$1548.12,Italian
27-2415199,Waverly,Huddlestone,Zuko Ltd,$3990.61,English
94-2322054,Ode,Tremethack,NodaTLT Co,$2208.25,Italian
01-2213042,Rriocard,Booy,Workus Co,$4293.20,English
62-1536940,Dougy,Gunthorpe,NodaTLT Co,$1913.23,English
73-5447279,Homer,Inkin,Workus Co,$3447.49,French
67-4188786,Elvyn,Dunkerton,NodaTLT Co,$4941.19,French
06-3548356,Brit,Kitto,NodaTLT Co,$4777.82,Russian
74-5139634,Valentin,Turner,Zuko Ltd,$3782.21,Russian
38-9422704,Lammond,McGuiney,NodaTLT Co,$2928.96,French
25-4868744,Darnell,Burstow,Craft Ltd,$4297.27,English
38-5881676,Gregoor,Cluff,Workus Co,$1873.11,Russian
96-3370231,Guy,Wagg,Craft Ltd,$2612.42,French
26-8362527,Man,Heather,Workus Co,$3255.96,English
65-6348147,Morty,Brunke,Craft Ltd,$3509.70,Russian
89-8529710,Christoper,Greenless,Craft Ltd,$1229.12,Russian
29-3650966,Elnar,O'Scollain,NodaTLT Co,$4492.93,Italian
96-5853854,Dario,Franceschi,Workus Co,$1650.63,English
94-8030843,Salomo,Boothebie,Craft Ltd,$4839.80,Russian
52-8869525,Frants,Manifould,Zuko Ltd,$3864.03,Russian
99-8548303,Raul,Booton,Workus Co,$1138.00,English
17-6586521,Corney,Trineman,NodaTLT Co,$2341.32,Russian
08-5477677,Marietta,Kyncl,Workus Co,$1445.63,Russian
84-4091969,Archy,Sweedland,Craft Ltd,$4779.64,Russian
75-5801248,Abbot,Middis,Workus Co,$4503.29,Italian
25-2072694,Seward,Winston,Workus Co,$2403.20,Russian
83-7657457,Renaud,Pollicote,Workus Co,$2053.43,English
71-5809714,Stevy,Seed,NodaTLT Co,$2230.62,Russian
36-4837160,Angel,Bewshire,Zuko Ltd,$1380.34,French
65-0006720,Xavier,Harvie,Zuko Ltd,$4821.21,French
54-8803761,Patty,Vaskin,Zuko Ltd,$4664.64,English
66-0523595,Temp,Clemo,Workus Co,$4221.52,Italian
09-3452653,Patrick,Hellen,Zuko Ltd,$1615.69,Russian
09-7031723,Decca,Rambadt,Craft Ltd,$2056.31,Russian
87-5659472,Ozzy,Cater,Craft Ltd,$1379.34,French
53-8983467,Matt,Mathely,NodaTLT Co,$2473.06,Russian
09-0292422,Wilfrid,Yantsurev,Craft Ltd,$1592.86,Russian
53-7401321,Haze,Lisimore,Zuko Ltd,$4993.65,English
41-1747818,Ricoriki,Ciobotaru,Workus Co,$2129.20,English
89-0029748,Gibb,Povele,Workus Co,$1638.71,Italian
25-2708758,Weston,Klich,NodaTLT Co,$1522.19,English
32-9830898,Hilton,Harrap,Workus Co,$2429.27,Italian
85-7100830,Colas,Budge,Workus Co,$1655.57,Russian
45-8925117,Emery,Burstow,Zuko Ltd,$1220.77,English
49-5424651,Willis,Dodswell,Craft Ltd,$1537.01,Italian
76-5332186,Arel,Stucke,NodaTLT Co,$4408.05,Italian
94-7107328,Orin,Thickpenny,Craft Ltd,$1762.11,English
10-6082603,Gradey,Harbert,Craft Ltd,$3252.68,Italian
84-7128943,John,Dymond,Workus Co,$2089.99,Russian
40-8882414,Truman,McDyer,Zuko Ltd,$1327.45,Italian
53-7714903,Emelen,Leeb,NodaTLT Co,$3422.53,French
99-7300858,Georas,Chasney,NodaTLT Co,$4636.55,Italian
85-6898106,Bennett,Conduit,Zuko Ltd,$3083.56,Italian
91-8222381,Harman,Kingwell,Workus Co,$2811.08,French
54-2169035,Collin,Flintiff,Craft Ltd,$4646.71,French
82-5315980,Tynan,Gallally,NodaTLT Co,$4493.04,French
70-2087241,Luce,Leer,Zuko Ltd,$2929.91,French
26-4432094,Ritchie,Mather,Craft Ltd,$4954.61,Italian
36-1588861,Cozmo,Quinet,Workus Co,$4703.14,English
30-7518037,Rafe,Samples,NodaTLT Co,$1883.14,French
57-5309235,Olivero,Pedley,Workus Co,$4071.37,French
00-1863885,Fons,Sneesby,Craft Ltd,$4811.88,English
68-1125886,Klaus,Telezhkin,Craft Ltd,$1397.64,Russian
75-3174474,Gaby,Pennycord,Workus Co,$2642.55,Russian
91-2338694,Mill,De Freitas,Workus Co,$1514.56,Italian
25-7938562,Neddie,Mews,Workus Co,$1704.95,Russian
51-5637986,Karlan,Brewin,Workus Co,$1733.02,Russian
86-8236650,Reinwald,Bashford,NodaTLT Co,$4229.42,English
12-1858996,Amos,Tackes,Craft Ltd,$1265.52,English
35-1704387,Corrie,Rominov,NodaTLT Co,$1918.46,Italian
55-7933145,Lester,Grima,Zuko Ltd,$4964.67,Italian
00-6099448,Siward,Bromehed,Workus Co,$2131.22,Italian
59-6046040,Shannon,Cotes,NodaTLT Co,$4859.49,Russian
08-3985482,Averil,Inger,NodaTLT Co,$1688.01,Russian
55-6106416,Eldredge,Feldberger,Zuko Ltd,$1250.42,Italian
33-7558773,Brit,Iglesia,Workus Co,$2600.21,English
59-2618317,Deck,Yeskov,NodaTLT Co,$1019.96,Italian
75-8287981,Ram,Cundy,NodaTLT Co,$4035.15,French
94-3092989,Kalle,Barrim,Workus Co,$2224.56,Italian
02-8026436,Regen,Grimes,Craft Ltd,$2978.11,Russian
05-1279618,Giorgi,Joire,Craft Ltd,$2470.44,English
24-0252381,Moritz,Twaits,Workus Co,$3512.28,Italian
41-4780718,Hermie,Duns,Craft Ltd,$3084.33,Italian
47-6470915,Nefen,Hoggan,Zuko Ltd,$2341.73,French
21-7551516,Isaak,Sawart,Zuko Ltd,$3181.96,English
90-5113551,Patin,O' Mullan,Craft Ltd,$2554.65,English
10-3962097,Gino,Fazan,NodaTLT Co,$4595.75,English
82-1324746,James,Gillhespy,Craft Ltd,$1930.78,Italian
92-6244610,Ali,Rocca,Craft Ltd,$4206.27,Italian
37-8203441,Christy,Paramor,Zuko Ltd,$2793.10,French
97-1225190,Aldridge,Castan,Zuko Ltd,$1242.66,Italian
00-0937684,Laird,Parnall,Workus Co,$3124.99,English
63-6017444,Brooks,Belli,Zuko Ltd,$1853.92,French
77-1251071,Silvanus,Willmer,Zuko Ltd,$4060.90,French
12-4538912,Sawyer,Quennell,NodaTLT Co,$4184.37,French
73-3783313,Alfonse,Clitheroe,NodaTLT Co,$4241.18,English
10-6726983,Nathanial,Barnewille,NodaTLT Co,$3937.30,Italian
87-2638414,Richie,Harlin,Craft Ltd,$2836.98,Italian
06-9763467,Ezequiel,Guyonneau,NodaTLT Co,$2487.29,French
55-1270244,Heriberto,Master,Zuko Ltd,$1019.92,French
36-8426069,Kylie,Clayton,Zuko Ltd,$3514.27,Russian
24-4181613,Christos,Ginty,NodaTLT Co,$1249.56,Russian
56-6230490,Byrle,Daily,NodaTLT Co,$1641.39,Russian
52-6105908,Chase,Barton,Workus Co,$3293.59,Russian
61-2470887,Weylin,Fullager,Zuko Ltd,$3250.38,Russian
09-0623737,Kristopher,Duplain,NodaTLT Co,$2619.34,Russian
86-6091146,Ignacius,Moutray Read,Craft Ltd,$3176.67,English
88-9449584,Dieter,Ayrton,Craft Ltd,$3488.70,English
17-2252366,Hernando,Spottiswoode,Workus Co,$4022.40,English
57-1843940,Yorker,Snoxell,NodaTLT Co,$1230.07,French
19-1850483,Prince,Mingame,Craft Ltd,$4064.49,French
50-9523256,Cass,Shovlar,Zuko Ltd,$2307.40,French
61-2093282,Hal,Coalbran,Workus Co,$4634.76,Italian
25-6402266,Hubie,O'Crevan,Zuko Ltd,$1452.33,Russian
70-8014022,Leicester,Bach,NodaTLT Co,$3209.47,English
96-2279799,Teddie,Molian,Craft Ltd,$1376.53,French
04-0721760,Dar,Twitching,Zuko Ltd,$3042.90,Russian
95-6734102,Cozmo,Rodenburgh,NodaTLT Co,$2652.40,Italian
50-3665623,Wald,Isakovitch,Zuko Ltd,$4186.93,French
75-8629572,Tadio,Fairbank,NodaTLT Co,$1475.67,French
58-7727026,Cullan,Brognot,Zuko Ltd,$4331.99,French
85-6300924,Ira,Arbuckle,Workus Co,$3282.36,English
13-8421579,Faber,Drexel,Workus Co,$4164.67,Russian
46-5488629,Pearce,Darlington,Workus Co,$3966.25,Italian
99-2736876,Emlyn,Acreman,NodaTLT Co,$3855.74,English
43-7799188,Arvy,Ivanyukov,Workus Co,$2494.80,English
27-0734993,Les,Martinez,Zuko Ltd,$2864.24,English
50-0628054,Shawn,Colqueran,Craft Ltd,$3817.55,Russian
62-1624491,Corbie,Pamment,Workus Co,$4376.41,Italian
36-2713248,Cosimo,Posse,Craft Ltd,$4438.01,French
27-8031120,Howard,Coo,Craft Ltd,$4112.15,English
17-1875798,Dexter,Tootell,NodaTLT Co,$1857.81,Russian
67-9430239,Allayne,Frosch,NodaTLT Co,$4340.27,French
42-9387179,Barton,Matthews,Craft Ltd,$2602.18,Italian
54-7036465,Chance,Van Leeuwen,Craft Ltd,$4756.98,Russian
57-4181347,Cece,Garvie,Workus Co,$2806.70,French
19-3598123,Kelsey,Heape,Workus Co,$4028.68,French
21-3362176,Lamont,Mascall,Craft Ltd,$2515.32,Russian
01-3165624,Charlie,Fridlington,Zuko Ltd,$3391.67,Russian
43-9016900,Ferdy,Gwillym,Craft Ltd,$1750.81,Italian
62-5898710,Patrick,Truter,Craft Ltd,$4157.34,Italian
15-6709978,Stanton,Spottswood,NodaTLT Co,$1372.36,Russian
61-2047670,Monte,Pues,NodaTLT Co,$4671.58,French
19-8452461,Theo,Kebell,NodaTLT Co,$3437.63,Italian
11-4924599,Curry,Kynman,NodaTLT Co,$2048.88,Russian
57-6720014,Michale,Bellas,Workus Co,$3236.65,Russian
11-6057870,Thurston,Vannoni,NodaTLT Co,$2121.81,Italian
01-3050260,Scarface,Towner,Craft Ltd,$1028.46,Italian
45-6603944,Elroy,Barrowcliff,Workus Co,$4790.49,Russian
82-7156328,Barde,Sturgeon,Craft Ltd,$1485.01,Russian
21-5371064,Artemas,Lindell,Workus Co,$3172.16,Italian
56-3188421,Gilburt,Lemmen,NodaTLT Co,$3488.32,French
12-9544991,Slade,McMillan,Craft Ltd,$3227.03,Italian
83-6127035,Tom,Hapke,Craft Ltd,$1282.26,Russian
33-3435308,Giacomo,Silson,Zuko Ltd,$4920.98,Russian
58-3157959,Ted,Oakinfold,Workus Co,$4334.78,Italian
20-1032328,Forester,L' Anglois,NodaTLT Co,$1746.04,Italian
88-0560381,Linn,Clyburn,Zuko Ltd,$3962.87,English
13-3392681,Thaxter,Tracy,Workus Co,$2733.42,English
13-7028474,Jerrold,Bolger,Workus Co,$1318.99,Russian
23-3215953,Verne,De Angelis,Workus Co,$3798.05,Russian
04-6093947,Chrisse,Farquhar,Zuko Ltd,$3114.64,French
14-5112221,Eliot,Pickover,Workus Co,$2737.52,Russian
55-1046251,Andres,Noraway,Workus Co,$1894.55,Russian
43-8507691,Graeme,Jickells,Craft Ltd,$4331.55,English
84-7509249,Leopold,Villaron,Craft Ltd,$1512.04,English
80-6455222,Abbey,Mussolini,NodaTLT Co,$1740.91,Italian
16-9727965,Gordie,Ellison,Workus Co,$2950.61,English
43-1790419,Brendis,Dymond,Craft Ltd,$1468.67,English
26-8589873,Axe,Verillo,Workus Co,$3530.97,Russian
58-0544728,Skippie,Vinnicombe,Zuko Ltd,$4904.30,French
55-3025289,Garret,Cluet,Craft Ltd,$1478.90,Italian
18-6020650,Darwin,Bourrel,NodaTLT Co,$2796.08,French
86-8453993,Stanislaus,Mattiello,Craft Ltd,$2239.99,English
58-7430996,Matthus,Growden,Craft Ltd,$4803.74,Russian
85-1206300,Wash,Ferrarini,NodaTLT Co,$3416.13,Italian
89-8555714,Der,Ghiriardelli,NodaTLT Co,$2992.86,Russian
63-0227038,Bordie,Guest,NodaTLT Co,$4600.56,Italian
93-9656718,Rodolphe,Burnip,Craft Ltd,$2944.54,Italian
27-5521670,Kearney,Gurling,Workus Co,$1474.62,English
82-2361431,Jedd,Bech,NodaTLT Co,$4522.07,Russian
76-4226687,Tripp,Starsmeare,Zuko Ltd,$4503.58,English
22-9553878,Germayne,Foye,NodaTLT Co,$1931.79,French
09-8635250,Alvis,Wille,Workus Co,$2239.69,English
52-5864142,Yancey,Waryk,Zuko Ltd,$2945.47,French
70-7536507,Pebrook,Rubinovici,NodaTLT Co,$2510.99,French
96-6640632,Clemmie,Kleeborn,NodaTLT Co,$1638.49,English
13-0326884,Meryl,Kix,Workus Co,$4976.44,English
90-1718705,Meredeth,Rookledge,Workus Co,$1375.24,Italian
23-0931212,Auberon,Ianni,Craft Ltd,$2646.22,Italian
82-1062534,Dino,Undrill,Zuko Ltd,$2074.76,French
48-8010705,Sherwynd,Rock,Craft Ltd,$2746.47,English
94-2029705,Erie,Bartley,Craft Ltd,$2821.77,Russian
53-5245735,Ruben,Kelk,NodaTLT Co,$3853.87,English
37-6015441,Giuseppe,Beasley,Craft Ltd,$2548.08,English
91-5378332,Petey,Treleaven,Workus Co,$3623.18,French
83-1097011,Ringo,Ovendon,Zuko Ltd,$3288.53,Italian
59-5525849,Cesare,Twinborough,NodaTLT Co,$1210.60,French
82-4029756,Artair,Emmer,Craft Ltd,$3777.92,Russian
24-4055635,Dannel,Bauldry,Craft Ltd,$3888.47,English
31-7469679,Bret,Joannidi,NodaTLT Co,$4856.01,French
10-5378881,Bennett,Halhead,Craft Ltd,$4413.96,French
76-7161504,Karl,McGeachey,Craft Ltd,$2151.10,Italian
36-7141127,Devin,Greedy,Craft Ltd,$3973.93,Italian
05-4484278,Filbert,Hawes,NodaTLT Co,$1572.03,Russian
71-3845916,Alphonse,Muris,Zuko Ltd,$3796.29,Russian
16-0402208,Herb,Ceyssen,Craft Ltd,$4917.31,Italian
33-3351805,Si,Mendus,Zuko Ltd,$3116.14,English
70-3127979,Daniel,Symers,Workus Co,$1178.62,English
03-8310383,Donn,Goldby,NodaTLT Co,$1526.31,French
69-8359908,Baryram,Keher,Workus Co,$2777.58,English
29-1875099,Johnnie,Baly,Craft Ltd,$3228.48,Russian
44-5638433,Laurens,Mangeney,Zuko Ltd,$2828.61,Russian
30-8073376,Rabbi,Belf,Craft Ltd,$4289.40,French
71-4185104,Sawyer,Kloisner,Workus Co,$2503.06,Russian
12-7850649,Fletcher,Riddeough,Zuko Ltd,$2668.77,English
07-1631462,Cece,Weatherall,Workus Co,$1526.20,Russian
02-0356031,Vail,Freddi,Zuko Ltd,$2929.26,English
79-1955903,Parke,Renac,NodaTLT Co,$3889.47,Italian
13-3917964,Gradeigh,Stobbs,Zuko Ltd,$4746.41,Italian
34-8382008,Roderic,Ferris,Zuko Ltd,$4126.99,Russian
88-7079534,Benjie,Jay,Zuko Ltd,$2671.05,English
26-5445028,Arvin,Barrable,NodaTLT Co,$2758.07,Russian
81-4385812,Carling,Abercromby,NodaTLT Co,$2032.80,French
87-1302435,Chas,Offiler,Zuko Ltd,$3160.13,French
13-8935119,Nev,Slewcock,Craft Ltd,$4872.68,Italian
98-8563187,Sutherlan,Bernhardsson,Zuko Ltd,$3962.60,Russian
31-2066952,Russell,Iuorio,Craft Ltd,$1056.47,Italian
01-3194893,Darren,Kitchingman,Zuko Ltd,$1131.04,French
55-4724818,Francklyn,Cudworth,Zuko Ltd,$3920.17,English
42-3591936,Bear,Forgan,Craft Ltd,$1532.43,Russian
95-0005693,Morrie,Renac,Craft Ltd,$1357.64,Italian
68-5119573,Peder,Bomb,Zuko Ltd,$3961.93,Italian
32-8947905,Jessee,O'Doherty,NodaTLT Co,$4243.24,English
07-4623324,Ole,Byfford,Zuko Ltd,$1557.94,Italian
56-0722397,Merry,Bog,Craft Ltd,$4494.04,English
82-9271510,Orrin,Harby,NodaTLT Co,$1689.31,French
24-1476171,Burke,Aloshkin,Workus Co,$3931.09,Russian
41-7742099,Andreas,Matton,NodaTLT Co,$4497.26,Russian
11-7845325,Edd,Leist,Zuko Ltd,$3723.68,Russian
08-4031444,Josiah,Tunesi,Zuko Ltd,$1909.54,Italian
55-0284980,Jamison,Ovenell,Workus Co,$2322.26,French
79-0842280,Sandor,Caverhill,Workus Co,$1768.61,English
41-1731690,Hartley,Sciacovelli,Craft Ltd,$2302.44,Russian
51-6069349,Seth,Eckersall,NodaTLT Co,$1906.85,French
44-2896671,Alexandro,Tesyro,Zuko Ltd,$2047.90,English
78-7740617,Mortie,Scothron,NodaTLT Co,$3053.37,French
90-3838856,Lyn,Edeson,NodaTLT Co,$3058.17,Russian
33-5417755,Ram,Drivers,Craft Ltd,$4497.53,Russian
23-0419895,Perceval,Rozycki,Zuko Ltd,$4600.80,French
70-8863107,Derril,Pittway,Workus Co,$3568.12,Italian
57-4014004,Terence,Silby,Workus Co,$2106.27,English
79-9948396,Jarret,Brosius,Zuko Ltd,$4752.49,French
20-5157992,Denney,Polak,Workus Co,$3055.27,English
22-0742313,Wolfgang,Demaine,Zuko Ltd,$2711.29,French
79-6374691,Basilio,Sterland,NodaTLT Co,$2325.76,English
21-9588232,Even,Lipman,Craft Ltd,$4856.19,French
65-2635377,Tirrell,Dearnley,Workus Co,$4166.91,English
73-3090990,Georges,Dominick,Craft Ltd,$4457.23,French
18-8337228,Garek,Pietri,Zuko Ltd,$3120.53,English
27-3685215,Albrecht,Piddick,Zuko Ltd,$4352.95,Italian
47-4916255,Dario,Potier,NodaTLT Co,$1252.47,Italian
20-1020048,Luca,Petrie,Workus Co,$2788.59,French
07-6254554,Ettore,Tesmond,Craft Ltd,$4416.41,English
64-3759101,Rainer,Kleinmintz,Craft Ltd,$2717.61,English
65-9625105,Pascal,Oxby,Craft Ltd,$2897.77,Italian
63-9736375,Fidole,Weathers,Zuko Ltd,$3487.34,English
52-5848785,Sal,McKerlie,Workus Co,$3889.84,French
61-5434975,Abie,Kilrow,Craft Ltd,$3807.02,French
37-0471413,Bud,Hinksen,Zuko Ltd,$1185.93,Russian
61-5669172,Kaleb,Monkhouse,Craft Ltd,$1723.07,English
42-9834240,Natty,Anselm,Zuko Ltd,$2851.29,Russian
47-7593041,Danya,Bezley,Craft Ltd,$4772.07,Italian
37-1541417,Chadd,Archibald,Workus Co,$2741.96,Russian
95-7678512,Ravi,Bare,NodaTLT Co,$2567.23,English
36-0400668,Tobie,Concannon,Zuko Ltd,$4608.19,French
69-7104223,Phillipp,Nesbeth,Workus Co,$1404.80,Russian
16-8332433,Gaston,Flippini,Workus Co,$1013.35,English
21-0206622,Holden,Iglesia,Workus Co,$1859.19,Russian
97-6463343,Rip,Cashley,Craft Ltd,$1130.84,French
60-8866059,Gaston,Camelli,Craft Ltd,$4540.46,French
69-2039193,Tobin,Meekings,NodaTLT Co,$1489.04,English
63-0335008,Welby,MacFarlan,NodaTLT Co,$3562.80,Russian
64-9395221,Carrol,Annwyl,Zuko Ltd,$3571.15,English
73-8579889,Dougy,Mottinelli,Zuko Ltd,$4512.20,Russian
22-2268744,Doug,Swarbrigg,Workus Co,$4079.42,Russian
67-8990940,Kliment,Arnowicz,Zuko Ltd,$4639.54,Russian
17-5732030,Whittaker,Stocken,NodaTLT Co,$4532.68,Russian
00-8473045,Tybalt,Kuschke,Craft Ltd,$4573.51,English
08-0245319,Dana,Klebes,Craft Ltd,$4928.13,Italian
08-5966197,Earle,Dover,Craft Ltd,$3206.79,Italian
06-5806698,Lannie,Johnsson,Workus Co,$2579.12,English
06-8319335,Rafael,Michal,Zuko Ltd,$2833.75,English
76-3647779,Ruperto,Hammerich,Zuko Ltd,$1635.31,French
04-3604464,Parsifal,Schober,Zuko Ltd,$1708.41,Italian
95-6335365,Lucais,Brocket,NodaTLT Co,$3796.33,English
12-3771719,Jan,Tombling,Zuko Ltd,$2835.29,French
27-5343916,Deane,Moores,Zuko Ltd,$3252.45,Italian
59-3022645,Tadio,Dickman,Craft Ltd,$2145.73,French
54-9832019,Frasier,Boland,Craft Ltd,$4057.37,Russian
66-7343951,Niccolo,Heselwood,Craft Ltd,$1109.86,Italian
04-7919916,Osgood,Keogh,Zuko Ltd,$2631.29,French
73-9930928,Norrie,Lambertson,Craft Ltd,$1479.09,Italian
48-7895379,Cece,Starkie,Workus Co,$3240.44,Italian
13-2516880,Harman,Tift,NodaTLT Co,$4510.38,Russian
11-3921275,Gabbie,Caile,Zuko Ltd,$2804.22,English
71-0655203,Arman,Moxham,Zuko Ltd,$2848.81,Russian
55-3428775,Jeffrey,Folomin,Zuko Ltd,$2672.50,French
28-2542485,Aleksandr,Fabbri,Zuko Ltd,$1366.33,English
49-7700519,Haywood,Laba,NodaTLT Co,$4425.80,French
37-2728365,Conrade,Giriardelli,Zuko Ltd,$4138.40,French
80-1527490,Augustine,McElroy,Workus Co,$3815.16,Russian
01-6939415,Aristotle,Jerman,NodaTLT Co,$4378.42,Italian
61-2616789,Inger,Tayler,NodaTLT Co,$3024.10,French
74-3919967,Jeramie,Stringman,Workus Co,$4723.96,French
58-7872909,Buck,Dobbins,Craft Ltd,$3705.70,English
02-4489007,Halsy,Huish,Zuko Ltd,$2279.74,Italian
20-5946884,Casper,covino,Craft Ltd,$1845.74,English
38-2049872,Stavro,Entwisle,Workus Co,$1619.22,Italian
71-9679140,Calvin,Rusted,Craft Ltd,$3193.44,Russian
70-0700421,Tobias,Grellier,Zuko Ltd,$1257.75,French
43-9021781,Philbert,Regorz,Zuko Ltd,$3236.40,Italian
55-5600559,Christiano,Sjollema,Craft Ltd,$3416.38,Russian
73-8809030,Mortimer,Diloway,Craft Ltd,$4690.81,French
62-5377610,Frannie,Horsewood,Craft Ltd,$2921.56,French
92-2116047,Burg,Brito,NodaTLT Co,$4109.76,Italian
90-5104166,Guthrey,Sage,Zuko Ltd,$1893.17,French
96-8341977,Neddie,Meneghi,Craft Ltd,$4106.81,English
66-0442077,Basile,Tadd,Workus Co,$3871.45,French
19-7237979,Hartwell,Beavan,Zuko Ltd,$4434.66,French
42-3121728,Chan,Stapley,NodaTLT Co,$2922.91,French
28-5576587,Aldon,Alen,Zuko Ltd,$1403.08,Russian
78-2307434,Kienan,Woollhead,NodaTLT Co,$3368.99,Italian
67-7049892,Olvan,Groven,Workus Co,$4445.21,Russian
90-5141005,Cris,Aylward,Craft Ltd,$4408.41,Russian
40-3824444,Ozzie,Rabbitt,NodaTLT Co,$4741.05,English
49-3941049,Hart,Penkethman,Zuko Ltd,$1563.36,Italian
44-1194647,Solly,O' Quirk,Workus Co,$3627.79,Russian
45-2461428,Hewie,Buckingham,NodaTLT Co,$4087.64,English
75-6273914,Nikolaus,Synke,NodaTLT Co,$2479.93,Russian
06-4197361,Emlyn,Kolin,Workus Co,$4502.35,English
62-7202333,Geordie,Jearum,Craft Ltd,$4593.51,English
71-6719137,Barclay,Elcock,Craft Ltd,$2863.67,Russian
70-2438780,Christoforo,Dundredge,NodaTLT Co,$2960.24,Italian
83-4404787,Kasper,McRory,Zuko Ltd,$2350.12,English
87-6695330,Sauncho,Galliford,Zuko Ltd,$4025.10,Italian
57-1871682,Jake,Rogger,Zuko Ltd,$1913.89,Italian
02-8747967,Howey,Alldread,Craft Ltd,$3670.13,Italian
45-6791914,Rusty,Lidgley,Craft Ltd,$3990.35,Italian
64-9364980,Ignaz,Crich,Zuko Ltd,$3783.24,Russian
99-6264913,Markus,Sandiford,Workus Co,$1940.92,Italian
33-9285177,Reube,Ransom,Zuko Ltd,$4723.10,Italian
79-4015253,Silvio,Medcraft,Workus Co,$1384.56,French
14-5633050,Abdul,Canti,Zuko Ltd,$2354.66,English
66-0248485,Crawford,Chitty,NodaTLT Co,$2874.24,Italian
90-3026776,Ashton,Pawlett,Craft Ltd,$2663.70,French
72-2884871,Trumann,Coady,NodaTLT Co,$1397.79,English
71-1718036,Whitby,Almeida,Zuko Ltd,$4435.63,English
60-6774482,Aloysius,Shildrick,NodaTLT Co,$3644.74,French
83-4109667,Raviv,Foxley,Zuko Ltd,$3189.12,Russian
40-4260595,Abbie,Salters,Workus Co,$2800.60,Italian
28-8285780,Alley,Handley,Workus Co,$1810.29,Italian
01-5948615,Dennet,Revans,Craft Ltd,$3222.74,French
82-8475908,Evered,Vanstone,Craft Ltd,$2919.75,Russian
71-9275232,Bryon,Tiesman,Workus Co,$2353.98,Italian
51-1813609,Shelden,Benit,Craft Ltd,$1441.49,French
06-1707284,Lodovico,Purse,Zuko Ltd,$1789.72,French
51-9036717,Enrico,Triswell,Zuko Ltd,$1118.41,English
11-4429829,Curry,Durram,Workus Co,$3484.38,Italian
45-0233204,Syd,Eymer,NodaTLT Co,$4724.50,Russian
06-6404344,Sullivan,Flescher,Craft Ltd,$3174.58,French
98-0339945,Sandor,Spincke,Workus Co,$3986.82,French
55-9693936,Town,McJarrow,Workus Co,$4522.82,French
96-3132300,Richy,Gajewski,NodaTLT Co,$4710.86,French
42-8964524,Niko,Jahner,NodaTLT Co,$3154.71,Russian
13-0853886,Ulric,Carbine,Craft Ltd,$3087.06,Russian
40-9374977,Parker,Regis,NodaTLT Co,$1663.96,Italian
82-7797041,Ban,Jonk,Zuko Ltd,$1552.20,French
61-4566799,Ulric,Doodson,Craft Ltd,$3189.39,French
73-4064320,Mordecai,Hayesman,Zuko Ltd,$4221.77,French
08-0746129,Lucais,Romera,Workus Co,$4068.89,English
89-3508096,Tomaso,Cafferty,Workus Co,$4436.99,Italian
81-4298887,Ban,Sutter,Workus Co,$2162.21,French
76-2294213,Archaimbaud,Murby,Workus Co,$2620.72,French
26-4553380,Jessee,Pappin,NodaTLT Co,$4912.93,Italian
67-4454628,Freddy,Toffanelli,Zuko Ltd,$4278.94,Italian
60-2599190,Eduino,Michell,Workus Co,$4122.65,French
31-7541456,Sancho,Christene,Workus Co,$2751.81,Russian
73-0654724,Upton,Lemmer,Zuko Ltd,$4917.18,English
74-5868749,Deane,Petrosian,NodaTLT Co,$2066.90,English
97-7364232,Alwin,Pipe,Workus Co,$3526.95,Russian
91-2276810,Ole,Shinfield,Workus Co,$2459.70,Italian
91-0557190,Juan,O'Hengerty,Craft Ltd,$4712.79,Russian
83-8988785,Chane,Vosse,Workus Co,$3115.95,English
57-4003653,Spence,Henrionot,Craft Ltd,$3444.82,Russian
45-7625302,Bentlee,Croney,Craft Ltd,$1799.24,Russian
98-4280424,Pepillo,Yashnov,Craft Ltd,$4077.13,French
48-4094775,Bordie,Kohrs,Craft Ltd,$1392.62,French
